<?xml version="1.0" encoding="UTF-8"?>
<project-private xmlns="http://www.netbeans.org/ns/project-private/1">
    <editor-bookmarks xmlns="http://www.netbeans.org/ns/editor-bookmarks/2" lastBookmarkId="0"/>
    <open-files xmlns="http://www.netbeans.org/ns/projectui-open-files/2">
        <group>
            <file>file:/C:/xampp/htdocs/ProjectPlaylist/html/login.php</file>
            <file>file:/C:/xampp/htdocs/ProjectPlaylist/html/logout.php</file>
            <file>file:/C:/xampp/htdocs/ProjectPlaylist/php/API.php</file>
            <file>file:/C:/xampp/htdocs/ProjectPlaylist/html/playlist.php</file>
            <file>file:/C:/xampp/htdocs/ProjectPlaylist/html/register.php</file>
            <file>file:/C:/xampp/htdocs/ProjectPlaylist/js/index.js</file>
            <file>file:/C:/xampp/htdocs/ProjectPlaylist/php/BLL.php</file>
            <file>file:/C:/xampp/htdocs/ProjectPlaylist/homePage.php</file>
            <file>file:/C:/xampp/htdocs/ProjectPlaylist/html/addMovie.php</file>
            <file>file:/C:/xampp/htdocs/ProjectPlaylist/html/thanks.php</file>
            <file>file:/C:/xampp/htdocs/ProjectPlaylist/html/iframe.php</file>
        </group>
    </open-files>
</project-private>
